id,value
flare,
flare.analytics,
flare.analytics.cluster,
flare.animate,
flare.animate.Easing,17010
flare.animate.FunctionSequence,5842
flare.animate.interpolate,
flare.animate.Tween,6006
flare.data,
flare.data.converters,
flare.data.converters.Converters,721
flare.data.converters.DelimitedTextConverter,4294
flare.data.converters.GraphMLConverter,9800
flare.data.DataUtil,3322
flare.display,
flare.display.DirtySprite,8833
flare.flex,
flare.flex.FlareVis,4116
flare.physics,
flare.physics.DragForce,1082